method_name,fault_category,severity_level,mae_raw,mae_imputed,mae_reduction_pct,rmse_raw,rmse_imputed,rmse_reduction_pct,spatial_consistency_score
Proposed: Hybrid TinyML INT8,Spike,Nhẹ (Mild),0.0745,0.0046,93.79,0.0894,0.0055,93.9,0.941
Proposed: Hybrid TinyML INT8,Spike,Vừa (Moderate),0.1232,0.0046,96.28,0.1479,0.0054,96.35,0.965
Proposed: Hybrid TinyML INT8,Spike,Nặng (Severe),0.1788,0.0114,93.65,0.2146,0.0134,93.75,0.94
Proposed: Hybrid TinyML INT8,Noise,Nhẹ (Mild),0.0559,0.0061,89.15,0.0671,0.0072,89.33,0.897
Proposed: Hybrid TinyML INT8,Noise,Vừa (Moderate),0.0777,0.0087,88.81,0.0932,0.0102,89.0,0.894
Proposed: Hybrid TinyML INT8,Noise,Nặng (Severe),0.1177,0.0149,87.3,0.1412,0.0176,87.51,0.879
Proposed: Hybrid TinyML INT8,Stuck-at,Nhẹ (Mild),0.1092,0.0195,82.13,0.1311,0.023,82.43,0.83
Proposed: Hybrid TinyML INT8,Stuck-at,Vừa (Moderate),0.1714,0.0272,84.16,0.2057,0.032,84.42,0.849
Proposed: Hybrid TinyML INT8,Stuck-at,Nặng (Severe),0.2649,0.0385,85.47,0.3179,0.0454,85.71,0.862
Proposed: Hybrid TinyML INT8,Drift,Nhẹ (Mild),0.1275,0.0231,81.88,0.153,0.0273,82.18,0.828
Proposed: Hybrid TinyML INT8,Drift,Vừa (Moderate),0.2273,0.0371,83.66,0.2728,0.0438,83.93,0.845
Proposed: Hybrid TinyML INT8,Drift,Nặng (Severe),0.3303,0.0599,81.86,0.3964,0.0707,82.17,0.828
Baseline 3: Moving 3-Sigma,Spike,Nhẹ (Mild),0.0693,0.0124,82.17,0.0831,0.0146,82.46,0.831
Baseline 3: Moving 3-Sigma,Spike,Vừa (Moderate),0.1142,0.0199,82.56,0.1371,0.0235,82.85,0.834
Baseline 3: Moving 3-Sigma,Spike,Nặng (Severe),0.177,0.0326,81.56,0.2124,0.0385,81.87,0.825
Baseline 3: Moving 3-Sigma,Noise,Nhẹ (Mild),0.045,0.0122,72.78,0.054,0.0145,73.23,0.741
Baseline 3: Moving 3-Sigma,Noise,Vừa (Moderate),0.0799,0.0252,68.41,0.0959,0.0298,68.94,0.7
Baseline 3: Moving 3-Sigma,Noise,Nặng (Severe),0.1241,0.0395,68.17,0.1489,0.0466,68.7,0.698
Baseline 3: Moving 3-Sigma,Stuck-at,Nhẹ (Mild),0.109,0.0686,37.06,0.1309,0.081,38.11,0.402
Baseline 3: Moving 3-Sigma,Stuck-at,Vừa (Moderate),0.1734,0.1035,40.3,0.208,0.1221,41.29,0.433
Baseline 3: Moving 3-Sigma,Stuck-at,Nặng (Severe),0.2737,0.1635,40.26,0.3284,0.1929,41.25,0.432
Baseline 3: Moving 3-Sigma,Drift,Nhẹ (Mild),0.1314,0.0952,27.55,0.1577,0.1124,28.76,0.4
Baseline 3: Moving 3-Sigma,Drift,Vừa (Moderate),0.2126,0.1554,26.92,0.2551,0.1833,28.14,0.4
Baseline 3: Moving 3-Sigma,Drift,Nặng (Severe),0.3277,0.2307,29.59,0.3932,0.2723,30.76,0.4
Baseline 2: Bộ lọc Hampel,Spike,Nhẹ (Mild),0.0737,0.013,82.36,0.0885,0.0153,82.65,0.832
Baseline 2: Bộ lọc Hampel,Spike,Vừa (Moderate),0.1216,0.0189,84.42,0.1459,0.0224,84.68,0.852
Baseline 2: Bộ lọc Hampel,Spike,Nặng (Severe),0.1766,0.0249,85.92,0.2119,0.0293,86.15,0.866
Baseline 2: Bộ lọc Hampel,Noise,Nhẹ (Mild),0.0532,0.0205,61.4,0.0638,0.0242,62.04,0.633
Baseline 2: Bộ lọc Hampel,Noise,Vừa (Moderate),0.0758,0.0307,59.54,0.091,0.0362,60.21,0.616
Baseline 2: Bộ lọc Hampel,Noise,Nặng (Severe),0.1217,0.0469,61.46,0.146,0.0553,62.11,0.634
Baseline 2: Bộ lọc Hampel,Stuck-at,Nhẹ (Mild),0.1056,0.0795,24.72,0.1267,0.0938,25.98,0.4
Baseline 2: Bộ lọc Hampel,Stuck-at,Vừa (Moderate),0.1745,0.134,23.21,0.2094,0.1581,24.49,0.4
Baseline 2: Bộ lọc Hampel,Stuck-at,Nặng (Severe),0.2741,0.2,27.03,0.3289,0.236,28.25,0.4
Baseline 2: Bộ lọc Hampel,Drift,Nhẹ (Mild),0.1316,0.1099,16.51,0.158,0.1297,17.9,0.4
Baseline 2: Bộ lọc Hampel,Drift,Vừa (Moderate),0.2218,0.1907,14.03,0.2662,0.225,15.47,0.4
Baseline 2: Bộ lọc Hampel,Drift,Nặng (Severe),0.3318,0.2744,17.31,0.3982,0.3238,18.69,0.4
Baseline 1: Ngưỡng tĩnh,Spike,Nhẹ (Mild),0.0718,0.0594,17.35,0.0862,0.07,18.72,0.4
Baseline 1: Ngưỡng tĩnh,Spike,Vừa (Moderate),0.1069,0.0895,16.23,0.1283,0.1057,17.63,0.4
Baseline 1: Ngưỡng tĩnh,Spike,Nặng (Severe),0.1804,0.1542,14.55,0.2165,0.1819,15.98,0.4
Baseline 1: Ngưỡng tĩnh,Noise,Nhẹ (Mild),0.0485,0.0475,2.02,0.0582,0.056,3.65,0.4
Baseline 1: Ngưỡng tĩnh,Noise,Vừa (Moderate),0.0789,0.0745,5.54,0.0947,0.088,7.11,0.4
Baseline 1: Ngưỡng tĩnh,Noise,Nặng (Severe),0.1274,0.122,4.22,0.1529,0.144,5.82,0.4
Baseline 1: Ngưỡng tĩnh,Stuck-at,Nhẹ (Mild),0.104,0.104,0.0,0.1247,0.1227,1.67,0.4
Baseline 1: Ngưỡng tĩnh,Stuck-at,Vừa (Moderate),0.1846,0.1837,0.49,0.2215,0.2167,2.15,0.4
Baseline 1: Ngưỡng tĩnh,Stuck-at,Nặng (Severe),0.2674,0.2653,0.77,0.3208,0.313,2.42,0.4
Baseline 1: Ngưỡng tĩnh,Drift,Nhẹ (Mild),0.1325,0.1306,1.45,0.159,0.1541,3.1,0.4
Baseline 1: Ngưỡng tĩnh,Drift,Vừa (Moderate),0.2165,0.2165,0.0,0.2598,0.2555,1.67,0.4
Baseline 1: Ngưỡng tĩnh,Drift,Nặng (Severe),0.328,0.328,0.0,0.3936,0.3871,1.67,0.4
