Logger,Port,YearCommissioned,N,W,Depth,Status17,Status18,Status19,Status20,Status21,Geomorphons,
2,1,2017,36.09220,-94.18932,15,working,working,working,working,working,6 - slope,
2,2,2017,36.09220,-94.18941,15,working,working,working,working,working,7 - hollow,
2,3,2017,36.09220,-94.18937,75,working,working,working,working,working,6 - slope,
2,4,2021,36.09220,-94.18937,15,na,na,na,na,working,6 - slope,
2,5,2021,36.09220,-94.18937,17,na,na,na,na,working,6 - slope,
4,1,2017,36.09189,-94.18932,15,working,working,working,working,working,6 - slope,
4,2,2017,36.09189,-94.18938,15,failed,working,working,working,working,6 - slope,
6,1,2017,36.09167,-94.18936,15,working,working,working,working,working,7 - hollow,
6,2,2017,36.09172,-94.18938,15,working,working,working,working,working,6 - slope,
9,1,2017,36.09126,-94.18932,15,working,working,working,working,working,8 - footslope,
9,2,2017,36.09131,-94.18933,15,working,working,working,working,working,8 - footslope,
9,3,2017,36.09129,-94.18933,75,working,working,working,working,working,8 - footslope,
9,4,2021,36.09129,-94.18933,15,na,na,na,na,working,8 - footslope,
9,5,2021,36.09129,-94.18933,75,na,na,na,na,working,8 - footslope,
10,1,2017,36.09121,-94.18983,15,working,working,working,working,working,8 - footslope,
10,2,2017,36.09116,-94.18983,15,working,working,working,working,working,8 - footslope,
12,1,2017,36.09080,-94.18949,15,failed,working,working,working,working,8 - footslope,
12,2,2017,36.09080,-94.18944,15,failed,working,working,working,working,8 - footslope,
13,1,2017,36.09075,-94.19054,15,working,working,working,working,working,8 - footslope,
13,2,2017,36.09075,-94.19061,15,working,working,working,working,working,8 - footslope,
13,4,2021,36.09075,-94.19057,15,na,na,na,na,working,8 - footslope,
13,5,2021,36.09075,-94.19057,75,na,na,na,na,working,8 - footslope,
14,1,2017,36.09061,-94.18980,15,working,working,working,working,working,8 - footslope,
14,2,2017,36.09068,-94.18981,15,working,working,failed,failed,failed,8 - footslope,
14,3,2017,36.09064,-94.18980,75,working,failed,failed,failed,working,8 - footslope,
15,1,2017,36.09049,-94.18925,15,failed,working,failed,failed,failed,8 - footslope,
15,2,2017,36.09044,-94.18927,15,working,working,failed,failed,working,8 - footslope,
10b,1,2017,36.09125,-94.19054,15,working,working,working,failed,working,6 - slope,
10b,2,2017,36.09118,-94.19054,15,working,working,working,failed,working,6 - slope,
15b,1,2017,36.09053,-94.19028,15,failed,failed,working,working,working,8 - footslope,
15b,2,2017,36.09048,-94.19025,15,working,working,working,working,working,8 - footslope,
15b,3,2017,36.09051,-94.19025,75,failed,working,working,failed,working,8 - footslope,
15c,1,2017,36.09054,-94.19048,15,working,working,working,working,working,8 - footslope,
15c,2,2017,36.09050,-94.19049,15,failed,working,working,working,working,8 - footslope,
6b,1,2017,36.09171,-94.19007,15,working,working,working,failed,working,8 - footslope,
6b,2,2017,36.09177,-94.19006,15,working,working,working,working,working,8 - footslope,
6b,3,2017,36.09175,-94.19007,70,working,working,working,working,working,8 - footslope,
6b,4,2021,36.09175,-94.19007,15,na,na,na,na,working,8 - footslope,
6b,5,2021,36.09175,-94.19007,17,na,na,na,na,working,8 - footslope,
6c,1,2017,36.09174,-94.19057,15,working,working,working,working,working,6 - slope,
6c,2,2017,36.09179,-94.19057,15,working,working,working,working,working,6 - slope,
6c,3,2017,36.09177,-94.19057,45,working,working,working,working,working,6 - slope,
O1,3,2021,36.09236,-94.18845,75,na,na,na,na,working,6 - slope,
O1,4,2021,36.09236,-94.18845,15,na,na,na,na,working,6 - slope,
O1,5,2021,36.09236,-94.18845,75,na,na,na,na,working,6 - slope,
O2,1,2021,36.09193,-94.18835,15,na,na,na,na,failed,6 - slope,
O2,3,2021,36.09193,-94.18835,75,na,na,na,na,failed,6 - slope,
O2,4,2021,36.09193,-94.18835,15,na,na,na,na,working,6 - slope,
O2,5,2021,36.09193,-94.18835,75,na,na,na,na,working,6 - slope,
O3,1,2021,36.09163,-94.18765,15,na,na,na,na,working,6 - slope,
O3,3,2021,36.09163,-94.18765,75,na,na,na,na,working,6 - slope,
O4,1,2021,36.09068,-94.18877,15,na,na,na,na,working,8 - footslope,
O4,3,2021,36.09068,-94.18877,75,na,na,na,na,working,8 - footslope,
O5,1,2021,36.09770,-94.18807,15,na,na,na,na,failed,8 - footslope,
O5,3,2021,36.09770,-94.18807,75,na,na,na,na,working,8 - footslope,
O5,4,2021,36.09770,-94.18807,15,na,na,na,na,working,8 - footslope,
O5,5,2021,36.09770,-94.18807,75,na,na,na,na,working,8 - footslope,
,,,,,,,,,,,,
,,,,,,,,,,,,
,,,,,,,,,,,,
,,,,,,,,,,,,
,,,,,,,,,,,,
,,,,,,,,,,,,
,,,,,,,,,,,,
